{
  "project_info": {
    "project_number": "747864380196",
    "project_id": "shera-4a51d",
    "storage_bucket": "shera-4a51d.appspot.com"
  },
  "client": [
    {
      "client_info": {
        "mobilesdk_app_id": "1:747864380196:android:bfce1a8e00ff97be7619b1",
        "android_client_info": {
          "package_name": "com.einstechstudio.shera"
        }
      },
      "oauth_client": [
        {
          "client_id": "747864380196-4huhr7icemtju91m1hddrpkp16vqhkq8.apps.googleusercontent.com",
          "client_type": 3
        }
      ],
      "api_key": [
        {
          "current_key": "AIzaSyAx-OGe6v9QEUDyUFRkQVfO7b_DQ_3xl7s"
        }
      ],
      "services": {
        "appinvite_service": {
          "other_platform_oauth_client": [
            {
              "client_id": "747864380196-4huhr7icemtju91m1hddrpkp16vqhkq8.apps.googleusercontent.com",
              "client_type": 3
            }
          ]
        }
      }
    }
  ],
  "configuration_version": "1"
}